rank_test_score,mean_test_score,std_test_score,params
1,-36.808108632185316,4.121294975150226,"{'model__max_depth': 12, 'model__max_features': 0.7, 'model__min_samples_leaf': 2, 'model__n_estimators': 400}"
2,-36.82737637204003,4.354078847640328,"{'model__max_depth': None, 'model__max_features': 0.7, 'model__min_samples_leaf': 4, 'model__n_estimators': 400}"
3,-36.87943379607397,4.090821647157187,"{'model__max_depth': 12, 'model__max_features': 1.0, 'model__min_samples_leaf': 2, 'model__n_estimators': 700}"
4,-36.886255408880196,4.088303277625229,"{'model__max_depth': None, 'model__max_features': 0.7, 'model__min_samples_leaf': 2, 'model__n_estimators': 700}"
5,-36.88983328447371,4.434235956558757,"{'model__max_depth': None, 'model__max_features': 0.7, 'model__min_samples_leaf': 4, 'model__n_estimators': 700}"
6,-36.89607003758728,4.1511808037036175,"{'model__max_depth': 12, 'model__max_features': 0.7, 'model__min_samples_leaf': 2, 'model__n_estimators': 700}"
7,-36.89961604372295,4.1469327756184695,"{'model__max_depth': None, 'model__max_features': 1.0, 'model__min_samples_leaf': 4, 'model__n_estimators': 400}"
8,-36.91633716217215,3.9543740327390497,"{'model__max_depth': 12, 'model__max_features': 1.0, 'model__min_samples_leaf': 2, 'model__n_estimators': 400}"
9,-36.94251835863284,4.18301688062486,"{'model__max_depth': None, 'model__max_features': 0.7, 'model__min_samples_leaf': 2, 'model__n_estimators': 400}"
10,-36.954927727771235,4.223663472829925,"{'model__max_depth': None, 'model__max_features': 1.0, 'model__min_samples_leaf': 2, 'model__n_estimators': 700}"
11,-36.965328190002204,4.224079488912191,"{'model__max_depth': 12, 'model__max_features': 1.0, 'model__min_samples_leaf': 4, 'model__n_estimators': 700}"
12,-36.96822722762154,4.1320160561369805,"{'model__max_depth': None, 'model__max_features': 1.0, 'model__min_samples_leaf': 2, 'model__n_estimators': 400}"
13,-36.97388465947901,4.115365093449554,"{'model__max_depth': 12, 'model__max_features': 1.0, 'model__min_samples_leaf': 4, 'model__n_estimators': 400}"
14,-36.97538465227238,4.200102871012025,"{'model__max_depth': None, 'model__max_features': 1.0, 'model__min_samples_leaf': 4, 'model__n_estimators': 700}"
15,-36.99870026756933,4.417651915354564,"{'model__max_depth': 12, 'model__max_features': 0.7, 'model__min_samples_leaf': 4, 'model__n_estimators': 400}"
16,-37.03725415654718,4.0427451616246355,"{'model__max_depth': 12, 'model__max_features': 0.7, 'model__min_samples_leaf': 1, 'model__n_estimators': 700}"
17,-37.04082663602774,4.508192896160778,"{'model__max_depth': 12, 'model__max_features': 0.7, 'model__min_samples_leaf': 4, 'model__n_estimators': 700}"
18,-37.04578202570593,4.023517392812247,"{'model__max_depth': None, 'model__max_features': 0.7, 'model__min_samples_leaf': 1, 'model__n_estimators': 400}"
19,-37.15845990876719,4.085386102709459,"{'model__max_depth': 12, 'model__max_features': 0.7, 'model__min_samples_leaf': 1, 'model__n_estimators': 400}"
20,-37.162228470542956,4.0174452344901965,"{'model__max_depth': 12, 'model__max_features': 1.0, 'model__min_samples_leaf': 1, 'model__n_estimators': 700}"
21,-37.18819839854736,4.135342367029974,"{'model__max_depth': None, 'model__max_features': 0.7, 'model__min_samples_leaf': 1, 'model__n_estimators': 700}"
22,-37.18912532873706,4.022554587918052,"{'model__max_depth': None, 'model__max_features': 1.0, 'model__min_samples_leaf': 1, 'model__n_estimators': 400}"
23,-37.210193526340916,4.084711703849133,"{'model__max_depth': None, 'model__max_features': 1.0, 'model__min_samples_leaf': 1, 'model__n_estimators': 700}"
24,-37.22222927955359,4.073897494622719,"{'model__max_depth': 12, 'model__max_features': 1.0, 'model__min_samples_leaf': 1, 'model__n_estimators': 400}"
