random_state,model,cv_mae,cv_rmse,cv_r2,cv_rmse_std
10,extra_trees,27.903967109915914,36.62157267874141,0.43984905188896367,3.8897986676674714
10,gradient_boosting,27.93143283287794,37.734636835954866,0.3937953618627853,2.4651101505624387
10,ridge,28.44611785412483,37.82671660042948,0.39401871578653064,2.7294834564607866
10,random_forest,28.35989427792171,38.06704013798138,0.38006597534338316,2.3619175130729406
10,hist_gradient_boosting,28.82636221304218,39.026682503164224,0.3444893513372188,2.560830082864466
10,dummy_mean,38.420587392831365,50.57437411910248,-0.02795986743557801,8.944260392968474
20,extra_trees,27.564667195177513,36.4028687680246,0.41255345439218705,6.6437896815118815
20,gradient_boosting,27.868152954953466,37.15056284294865,0.3661051710267281,6.207510436847923
20,random_forest,28.224082303394027,37.55072935853249,0.36378969126500343,6.688867931601496
20,ridge,28.431435622736938,37.80177237313417,0.35488763420296693,5.6550776721620535
20,hist_gradient_boosting,30.04588231515772,39.258344551641855,0.3083645070443659,6.991111765738485
20,dummy_mean,38.37055703901922,51.321327597133156,-0.16231812934259215,6.675833643285943
30,extra_trees,27.051455799668958,34.947381768816385,0.37377003452880453,7.942583381287323
30,random_forest,28.193475966610826,37.077629885998455,0.32015564633244137,10.52185796735452
30,gradient_boosting,28.388502935508036,37.428100193047804,0.2962484621774092,9.133962975863541
30,hist_gradient_boosting,29.161730205473752,38.536621679285915,0.25729383802126116,10.079819622946461
30,ridge,30.114387675345835,38.90274524366474,0.20123073816742734,9.193871394072836
30,dummy_mean,40.103059158807376,51.80149956412414,-0.32273740502149373,15.439558541789397
42,extra_trees,27.750257010621823,36.78659568733026,0.2918670597511065,2.424134675990639
42,ridge,28.829993168204954,37.85306288840842,0.2664850484363333,4.831794342767271
42,random_forest,28.12577279936874,38.046277869551155,0.19993431769457606,1.343387362084471
42,gradient_boosting,28.553447900351223,38.362590548749,0.20872669360856494,2.0296121857615583
42,hist_gradient_boosting,29.591540792959556,39.9266835221249,0.1318981957113337,1.7586877428109915
42,dummy_mean,35.49563066853504,46.86587110527367,-0.05285334921918219,8.598092687079356
50,gradient_boosting,25.996408565832315,34.633175832550734,0.3549033158637986,3.796423203902681
50,extra_trees,26.320997744044398,34.955645669338864,0.331326258958956,4.519451471411902
50,random_forest,25.937528833834385,35.00644968458952,0.32981828655721684,3.8424922841131766
50,ridge,27.007970295902112,35.75932020098916,0.31776970303779184,4.083500311539128
50,hist_gradient_boosting,27.8207340593288,37.69540694982919,0.23036588571545663,3.9820376030383757
50,dummy_mean,34.01089213565509,44.92040035345077,-0.01247618383737512,9.210250955792029
70,extra_trees,26.410822601855834,34.933991745648974,0.36681446210425406,5.185384175043221
70,gradient_boosting,27.134680600041015,36.84585131060779,0.3201090063984342,6.613566848338302
70,ridge,28.519619512655048,37.269203244527,0.3008356070169208,6.946161873639527
70,random_forest,28.549674783532396,38.548494010230364,0.260714672828981,7.578415884437947
70,hist_gradient_boosting,28.469050997976844,38.699152405493166,0.24941544354470063,6.843649203797672
70,dummy_mean,39.41228267596676,51.16912351578661,-0.23931049938350352,13.628950688146066
100,extra_trees,27.153139831947236,36.97679541042223,0.3681994998324365,4.169356236339498
100,ridge,28.289991908631315,37.928438080459735,0.3182020373382536,2.0981898890080606
100,gradient_boosting,28.23988573888771,38.58497703152437,0.3112418993991393,4.27934831753968
100,random_forest,29.132358875168627,39.6238422163609,0.2616681003166425,3.0281127335994973
100,hist_gradient_boosting,29.598855488304196,40.41520490622728,0.22677348215775303,3.6280219278442614
100,dummy_mean,35.76474927518997,48.079841347019965,-0.040962486098188845,8.810620171490248
